date,sales
2013-01-01,105.0
2013-01-02,2411.0
2013-01-03,2476.0
2013-01-04,4796.0
2013-01-05,6715.0
2013-01-06,0.0
2013-01-07,1865.0
2013-01-08,2009.0
2013-01-09,2256.0
2013-01-10,2881.0
2013-01-11,5044.0
2013-01-12,7246.0
2013-01-13,0.0
2013-01-14,1869.0
2013-01-15,1855.0
2013-01-16,2484.0
2013-01-17,2603.0
2013-01-18,4872.0
2013-01-19,7638.0
2013-01-20,0.0
2013-01-21,1871.0
2013-01-22,1916.0
2013-01-23,2052.0
2013-01-24,2741.0
2013-01-25,4797.0
2013-01-26,7127.0
2013-01-27,0.0
2013-01-28,1772.0
2013-01-29,2019.0
2013-01-30,2417.0
2013-01-31,2731.0
2013-02-01,5307.0
2013-02-02,8444.0
2013-02-03,0.0
2013-02-04,2109.0
2013-02-05,2103.0
2013-02-06,3310.0
2013-02-07,3758.0
2013-02-08,6426.0
2013-02-09,9897.0
2013-02-10,7073.0
2013-02-11,8146.0
2013-02-12,3653.0
2013-02-13,2260.0
2013-02-14,4507.0
2013-02-15,955.0
2013-02-16,0.0
2013-02-17,0.0
2013-02-18,1952.0
2013-02-19,2026.0
2013-02-20,2316.0
2013-02-21,2884.0
2013-02-22,4636.0
2013-02-23,7573.0
2013-02-24,0.0
2013-02-25,2081.0
2013-02-26,1926.0
2013-02-27,2738.0
2013-02-28,3602.0
2013-03-01,5561.0
2013-03-02,8161.0
2013-03-03,0.0
2013-03-04,1949.0
2013-03-05,2038.0
2013-03-06,2527.0
2013-03-07,2573.0
2013-03-08,5936.0
2013-03-09,7624.0
2013-03-10,0.0
2013-03-11,1833.0
2013-03-12,2121.0
2013-03-13,2165.0
2013-03-14,2268.0
2013-03-15,5060.0
2013-03-16,8109.0
2013-03-17,0.0
2013-03-18,1581.0
2013-03-19,1779.0
2013-03-20,2233.0
2013-03-21,2739.0
2013-03-22,4587.0
2013-03-23,7961.0
2013-03-24,0.0
2013-03-25,2105.0
2013-03-26,4173.0
2013-03-27,2909.0
2013-03-28,4806.0
2013-03-29,6236.0
2013-03-30,7199.0
2013-03-31,0.0
2013-04-01,1793.0
2013-04-02,2179.0
2013-04-03,2392.0
2013-04-04,2513.0
2013-04-05,4976.0
2013-04-06,8065.0
2013-04-07,0.0
2013-04-08,1693.0
2013-04-09,2091.0
2013-04-10,2357.0
2013-04-11,2747.0
2013-04-12,5519.0
2013-04-13,7787.0
2013-04-14,0.0
2013-04-15,2143.0
2013-04-16,2014.0
2013-04-17,2443.0
2013-04-18,2666.0
2013-04-19,4815.0
2013-04-20,7412.0
2013-04-21,0.0
2013-04-22,1674.0
2013-04-23,1967.0
2013-04-24,2575.0
2013-04-25,2471.0
2013-04-26,5196.0
2013-04-27,7486.0
2013-04-28,0.0
2013-04-29,1828.0
2013-04-30,3532.0
2013-05-01,5850.0
2013-05-02,2627.0
2013-05-03,5046.0
2013-05-04,6972.0
2013-05-05,0.0
2013-05-06,1856.0
2013-05-07,1914.0
2013-05-08,2695.0
2013-05-09,3125.0
2013-05-10,6625.0
2013-05-11,11060.0
2013-05-12,0.0
2013-05-13,1651.0
2013-05-14,2045.0
2013-05-15,2212.0
2013-05-16,2793.0
2013-05-17,5527.0
2013-05-18,7181.0
2013-05-19,0.0
2013-05-20,1635.0
2013-05-21,1777.0
2013-05-22,2784.0
2013-05-23,4723.0
2013-05-24,8259.0
2013-05-25,7437.0
2013-05-26,0.0
2013-05-27,1737.0
2013-05-28,1869.0
2013-05-29,2324.0
2013-05-30,2398.0
2013-05-31,4696.0
2013-06-01,7090.0
2013-06-02,0.0
2013-06-03,2100.0
2013-06-04,2052.0
2013-06-05,2641.0
2013-06-06,3465.0
2013-06-07,10811.0
2013-06-08,6996.0
2013-06-09,0.0
2013-06-10,2307.0
2013-06-11,4306.0
2013-06-12,2597.0
2013-06-13,3244.0
2013-06-14,5890.0
2013-06-15,10639.0
2013-06-16,0.0
2013-06-17,1829.0
2013-06-18,1881.0
2013-06-19,2410.0
2013-06-20,2678.0
2013-06-21,5435.0
2013-06-22,7295.0
2013-06-23,0.0
2013-06-24,1732.0
2013-06-25,2055.0
2013-06-26,2268.0
2013-06-27,2928.0
2013-06-28,4983.0
2013-06-29,7060.0
2013-06-30,0.0
2013-07-01,2132.0
2013-07-02,2741.0
2013-07-03,2625.0
2013-07-04,2845.0
2013-07-05,4893.0
2013-07-06,7747.0
2013-07-07,0.0
2013-07-08,1918.0
2013-07-09,2109.0
2013-07-10,2309.0
2013-07-11,2786.0
2013-07-12,5415.0
2013-07-13,7336.0
2013-07-14,0.0
2013-07-15,1691.0
2013-07-16,2101.0
2013-07-17,2500.0
2013-07-18,2727.0
2013-07-19,4644.0
2013-07-20,7922.0
2013-07-21,0.0
2013-07-22,2151.0
2013-07-23,2619.0
2013-07-24,3183.0
2013-07-25,3828.0
2013-07-26,5432.0
2013-07-27,8525.0
2013-07-28,0.0
2013-07-29,1695.0
2013-07-30,2215.0
2013-07-31,2665.0
2013-08-01,3508.0
2013-08-02,5475.0
2013-08-03,7811.0
2013-08-04,0.0
2013-08-05,2094.0
2013-08-06,2226.0
2013-08-07,2927.0
2013-08-08,2837.0
2013-08-09,5615.0
2013-08-10,7682.0
2013-08-11,0.0
2013-08-12,2386.0
2013-08-13,2172.0
2013-08-14,3153.0
2013-08-15,2594.0
2013-08-16,5811.0
2013-08-17,7502.0
2013-08-18,0.0
2013-08-19,2124.0
2013-08-20,2291.0
2013-08-21,2525.0
2013-08-22,2901.0
2013-08-23,5222.0
2013-08-24,8255.0
2013-08-25,0.0
2013-08-26,1848.0
2013-08-27,2307.0
2013-08-28,2533.0
2013-08-29,2882.0
2013-08-30,5434.0
2013-08-31,8102.0
2013-09-01,0.0
2013-09-02,1998.0
2013-09-03,2117.0
2013-09-04,2626.0
2013-09-05,3048.0
2013-09-06,7893.0
2013-09-07,7582.0
2013-09-08,0.0
2013-09-09,1992.0
2013-09-10,3186.0
2013-09-11,2122.0
2013-09-12,2404.0
2013-09-13,5426.0
2013-09-14,8205.0
2013-09-15,0.0
2013-09-16,1864.0
2013-09-17,2243.0
2013-09-18,2547.0
2013-09-19,3528.0
2013-09-20,5599.0
2013-09-21,9585.0
2013-09-22,0.0
2013-09-23,1990.0
2013-09-24,2331.0
2013-09-25,2624.0
2013-09-26,3378.0
2013-09-27,5557.0
2013-09-28,8544.0
2013-09-29,0.0
2013-09-30,2023.0
2013-10-01,2487.0
2013-10-02,2413.0
2013-10-03,2522.0
2013-10-04,5224.0
2013-10-05,7907.0
2013-10-06,0.0
2013-10-07,1844.0
2013-10-08,2239.0
2013-10-09,2996.0
2013-10-10,4160.0
2013-10-11,16577.0
2013-10-12,5991.0
2013-10-13,0.0
2013-10-14,1695.0
2013-10-15,4465.0
2013-10-16,1989.0
2013-10-17,2393.0
2013-10-18,3639.0
2013-10-19,7052.0
2013-10-20,0.0
2013-10-21,1596.0
2013-10-22,1497.0
2013-10-23,2098.0
2013-10-24,2524.0
2013-10-25,5060.0
2013-10-26,8523.0
2013-10-27,0.0
2013-10-28,1888.0
2013-10-29,2364.0
2013-10-30,7119.0
2013-10-31,3104.0
2013-11-01,5345.0
2013-11-02,9555.0
2013-11-03,0.0
2013-11-04,1854.0
2013-11-05,2140.0
2013-11-06,2757.0
2013-11-07,3772.0
2013-11-08,5844.0
2013-11-09,8565.0
2013-11-10,0.0
2013-11-11,1996.0
2013-11-12,2205.0
2013-11-13,2561.0
2013-11-14,2796.0
2013-11-15,5651.0
2013-11-16,8892.0
2013-11-17,0.0
2013-11-18,1863.0
2013-11-19,2222.0
2013-11-20,2586.0
2013-11-21,3009.0
2013-11-22,5026.0
2013-11-23,8201.0
2013-11-24,0.0
2013-11-25,2284.0
2013-11-26,2206.0
2013-11-27,3312.0
2013-11-28,2945.0
2013-11-29,5367.0
2013-11-30,8144.0
2013-12-01,0.0
2013-12-02,2503.0
2013-12-03,3077.0
2013-12-04,4032.0
2013-12-05,6325.0
2013-12-06,7016.0
2013-12-07,8750.0
2013-12-08,0.0
2013-12-09,6645.0
2013-12-10,3115.0
2013-12-11,4043.0
2013-12-12,4820.0
2013-12-13,8390.0
2013-12-14,11482.0
2013-12-15,0.0
2013-12-16,4366.0
2013-12-17,5385.0
2013-12-18,7519.0
2013-12-19,8356.0
2013-12-20,12270.0
2013-12-21,16945.0
2013-12-22,0.0
2013-12-23,16093.0
2013-12-24,19927.0
2013-12-26,6859.0
2013-12-27,12160.0
2013-12-28,15205.0
2013-12-29,0.0
2013-12-30,20443.0
2013-12-31,23460.0
2014-01-01,349.0
2014-01-02,3187.0
2014-01-03,4818.0
2014-01-04,8495.0
2014-01-05,0.0
2014-01-06,2000.0
2014-01-07,2381.0
2014-01-08,2835.0
2014-01-09,2844.0
2014-01-10,5239.0
2014-01-11,9859.0
2014-01-12,0.0
2014-01-13,2075.0
2014-01-14,2241.0
2014-01-15,2566.0
2014-01-16,3196.0
2014-01-17,6118.0
2014-01-18,9721.0
2014-01-19,0.0
2014-01-20,2237.0
2014-01-21,3152.0
2014-01-22,2711.0
2014-01-23,2795.0
2014-01-24,6819.0
2014-01-25,9644.0
2014-01-26,0.0
2014-01-27,1976.0
2014-01-28,2325.0
2014-01-29,2618.0
2014-01-30,3029.0
2014-01-31,5793.0
2014-02-01,11611.0
2014-02-02,0.0
2014-02-03,2615.0
2014-02-04,2826.0
2014-02-05,2986.0
2014-02-06,3975.0
2014-02-07,6084.0
2014-02-08,11032.0
2014-02-09,0.0
2014-02-10,2752.0
2014-02-11,2329.0
2014-02-12,3459.0
2014-02-13,4248.0
2014-02-14,8407.0
2014-02-15,10792.0
2014-02-16,0.0
2014-02-17,2447.0
2014-02-18,2579.0
2014-02-19,3819.0
2014-02-20,5355.0
2014-02-21,0.0
2014-02-22,0.0
2014-02-23,0.0
2014-02-24,2671.0
2014-02-25,3578.0
2014-02-26,3788.0
2014-02-27,4086.0
2014-02-28,8875.0
2014-03-01,16242.0
2014-03-02,9270.0
2014-03-03,11101.0
2014-03-04,0.0
2014-03-05,2784.0
2014-03-06,3274.0
2014-03-07,6448.0
2014-03-08,9047.0
2014-03-09,0.0
2014-03-10,2085.0
2014-03-11,2467.0
2014-03-12,3227.0
2014-03-13,3264.0
2014-03-14,6056.0
2014-03-15,8881.0
2014-03-16,0.0
2014-03-17,2320.0
2014-03-18,2548.0
2014-03-19,2948.0
2014-03-20,3404.0
2014-03-21,5805.0
2014-03-22,10587.0
2014-03-23,0.0
2014-03-24,1912.0
2014-03-25,2218.0
2014-03-26,2442.0
2014-03-27,2940.0
2014-03-28,6162.0
2014-03-29,9565.0
2014-03-30,0.0
2014-03-31,2652.0
2014-04-01,2751.0
2014-04-02,2925.0
2014-04-03,3325.0
2014-04-04,5780.0
2014-04-05,10369.0
2014-04-06,0.0
2014-04-07,2119.0
2014-04-08,2081.0
2014-04-09,2891.0
2014-04-10,3268.0
2014-04-11,6250.0
2014-04-12,9908.0
2014-04-13,0.0
2014-04-14,2123.0
2014-04-15,2407.0
2014-04-16,3761.0
2014-04-17,5784.0
2014-04-18,8934.0
2014-04-19,10647.0
2014-04-20,0.0
2014-04-21,2286.0
2014-04-22,2182.0
2014-04-23,3665.0
2014-04-24,2886.0
2014-04-25,5848.0
2014-04-26,8443.0
2014-04-27,0.0
2014-04-28,1970.0
2014-04-29,2935.0
2014-04-30,4559.0
2014-05-01,6961.0
2014-05-02,5017.0
2014-05-03,8835.0
2014-05-04,0.0
2014-05-05,2052.0
2014-05-06,2230.0
2014-05-07,3085.0
2014-05-08,2711.0
2014-05-09,6627.0
2014-05-10,11272.0
2014-05-11,0.0
2014-05-12,1934.0
2014-05-13,2490.0
2014-05-14,2770.0
2014-05-15,2973.0
2014-05-16,6006.0
2014-05-17,9542.0
2014-05-18,0.0
2014-05-19,2054.0
2014-05-20,2165.0
2014-05-21,2954.0
2014-05-22,2856.0
2014-05-23,5847.0
2014-05-24,11074.0
2014-05-25,0.0
2014-05-26,1887.0
2014-05-27,1959.0
2014-05-28,2272.0
2014-05-29,2744.0
2014-05-30,6019.0
2014-05-31,9899.0
2014-06-01,0.0
2014-06-02,2533.0
2014-06-03,2396.0
2014-06-04,3192.0
2014-06-05,2677.0
2014-06-06,6210.0
2014-06-07,8542.0
2014-06-08,0.0
2014-06-09,2222.0
2014-06-10,2546.0
2014-06-11,3557.0
2014-06-12,5499.0
2014-06-13,8755.0
2014-06-14,19888.0
2014-06-15,0.0
2014-06-16,2070.0
2014-06-17,2563.0
2014-06-18,2986.0
2014-06-19,4155.0
2014-06-20,14122.0
2014-06-21,8311.0
2014-06-22,0.0
2014-06-23,2273.0
2014-06-24,3050.0
2014-06-25,8949.0
2014-06-26,2713.0
2014-06-27,5180.0
2014-06-28,8941.0
2014-06-29,0.0
2014-06-30,2569.0
2014-07-01,2735.0
2014-07-02,2892.0
2014-07-03,4084.0
2014-07-04,6996.0
2014-07-05,8952.0
2014-07-06,0.0
2014-07-07,2074.0
2014-07-08,3042.0
2014-07-09,3172.0
2014-07-10,3156.0
2014-07-11,5390.0
2014-07-12,12345.0
2014-07-13,0.0
2014-07-14,2053.0
2014-07-15,2449.0
2014-07-16,2987.0
2014-07-17,3174.0
2014-07-18,5931.0
2014-07-19,7763.0
2014-07-20,0.0
2014-07-21,2128.0
2014-07-22,2100.0
2014-07-23,2703.0
2014-07-24,3376.0
2014-07-25,6869.0
2014-07-26,8633.0
2014-07-27,0.0
2014-07-28,1973.0
2014-07-29,2290.0
2014-07-30,2551.0
2014-07-31,3111.0
2014-08-01,6606.0
2014-08-02,8915.0
2014-08-03,0.0
2014-08-04,2375.0
2014-08-05,2738.0
2014-08-06,2884.0
2014-08-07,3357.0
2014-08-08,6080.0
2014-08-09,7819.0
2014-08-10,0.0
2014-08-11,2276.0
2014-08-12,2284.0
2014-08-13,2799.0
2014-08-14,3237.0
2014-08-15,5932.0
2014-08-16,8581.0
2014-08-17,0.0
2014-08-18,2231.0
2014-08-19,2630.0
2014-08-20,2587.0
2014-08-21,3483.0
2014-08-22,5812.0
2014-08-23,8147.0
2014-08-24,0.0
2014-08-25,2085.0
2014-08-26,2702.0
2014-08-27,2839.0
2014-08-28,2828.0
2014-08-29,5191.0
2014-08-30,8523.0
2014-08-31,0.0
2014-09-01,2196.0
2014-09-02,2837.0
2014-09-03,2854.0
2014-09-04,2846.0
2014-09-05,5504.0
2014-09-06,8893.0
2014-09-07,0.0
2014-09-08,1984.0
2014-09-09,2119.0
2014-09-10,2707.0
2014-09-11,2847.0
2014-09-12,5458.0
2014-09-13,8635.0
2014-09-14,0.0
2014-09-15,1740.0
2014-09-16,2228.0
2014-09-17,2492.0
2014-09-18,2967.0
2014-09-19,5073.0
2014-09-20,8049.0
2014-09-21,0.0
2014-09-22,1876.0
2014-09-23,2122.0
2014-09-24,2815.0
2014-09-25,2936.0
2014-09-26,5825.0
2014-09-27,9066.0
2014-09-28,0.0
2014-09-29,1909.0
2014-09-30,2103.0
2014-10-01,3190.0
2014-10-02,3141.0
2014-10-03,6226.0
2014-10-04,9169.0
2014-10-05,0.0
2014-10-06,2182.0
2014-10-07,2115.0
2014-10-08,2968.0
2014-10-09,5154.0
2014-10-10,9465.0
2014-10-11,7932.0
2014-10-12,0.0
2014-10-13,2032.0
2014-10-14,2037.0
2014-10-15,2571.0
2014-10-16,3014.0
2014-10-17,5331.0
2014-10-18,9206.0
2014-10-19,0.0
2014-10-20,1999.0
2014-10-21,2342.0
2014-10-22,2575.0
2014-10-23,2958.0
2014-10-24,5407.0
2014-10-25,8338.0
2014-10-26,0.0
2014-10-27,1973.0
2014-10-28,2421.0
2014-10-29,2711.0
2014-10-30,2938.0
2014-10-31,7036.0
2014-11-01,10238.0
2014-11-02,0.0
2014-11-03,4146.0
2014-11-04,1898.0
2014-11-05,2607.0
2014-11-06,2764.0
2014-11-07,5378.0
2014-11-08,9209.0
2014-11-09,0.0
2014-11-10,1872.0
2014-11-11,1940.0
2014-11-12,2336.0
2014-11-13,2751.0
2014-11-14,5791.0
2014-11-15,8739.0
2014-11-16,0.0
2014-11-17,2234.0
2014-11-18,2113.0
2014-11-19,2838.0
2014-11-20,3143.0
2014-11-21,5355.0
2014-11-22,8346.0
2014-11-23,0.0
2014-11-24,2338.0
2014-11-25,2436.0
2014-11-26,2924.0
2014-11-27,3106.0
2014-11-28,5656.0
2014-11-29,8999.0
2014-11-30,0.0
2014-12-01,3091.0
2014-12-02,3319.0
2014-12-03,4401.0
2014-12-04,4553.0
2014-12-05,7873.0
2014-12-06,9991.0
2014-12-07,2.0
2014-12-08,3277.0
2014-12-09,3593.0
2014-12-10,4236.0
2014-12-11,4700.0
2014-12-12,10691.0
2014-12-13,10350.0
2014-12-14,0.0
2014-12-15,4499.0
2014-12-16,5594.0
2014-12-17,8961.0
2014-12-18,6562.0
2014-12-19,10509.0
2014-12-20,14793.0
2014-12-21,0.0
2014-12-22,13422.0
2014-12-23,17751.0
2014-12-24,20229.0
2014-12-26,11840.0
2014-12-27,11210.0
2014-12-28,0.0
2014-12-29,10409.0
2014-12-30,16680.0
2014-12-31,30483.0
2015-01-01,923.0
2015-01-02,9333.0
2015-01-03,9314.0
2015-01-04,0.0
2015-01-05,2669.0
2015-01-06,2850.0
2015-01-07,3126.0
2015-01-08,3771.0
2015-01-09,5900.0
2015-01-10,8714.0
2015-01-11,0.0
2015-01-12,2643.0
2015-01-13,2467.0
2015-01-14,3101.0
2015-01-15,2997.0
2015-01-16,5606.0
2015-01-17,9522.0
2015-01-18,0.0
2015-01-19,1991.0
2015-01-20,2564.0
2015-01-21,2915.0
2015-01-22,2886.0
2015-01-23,5718.0
2015-01-24,9095.0
2015-01-25,0.0
2015-01-26,2121.0
2015-01-27,2314.0
2015-01-28,2511.0
2015-01-29,3854.0
2015-01-30,5704.0
2015-01-31,9962.0
2015-02-01,0.0
2015-02-02,2661.0
2015-02-03,2740.0
2015-02-04,3329.0
2015-02-05,3549.0
2015-02-06,6287.0
2015-02-07,9889.0
2015-02-08,0.0
2015-02-09,3298.0
2015-02-10,3191.0
2015-02-11,4014.0
2015-02-12,4457.0
2015-02-13,11356.0
2015-02-14,15903.0
2015-02-15,7884.0
2015-02-16,10011.0
2015-02-17,0.0
2015-02-18,3229.0
2015-02-19,2862.0
2015-02-20,5121.0
2015-02-21,8465.0
2015-02-22,30.0
2015-02-23,2231.0
2015-02-24,2823.0
2015-02-25,3181.0
2015-02-26,3421.0
2015-02-27,5885.0
2015-02-28,9945.0
2015-03-01,0.0
2015-03-02,3003.0
2015-03-03,3030.0
2015-03-04,3594.0
2015-03-05,3890.0
2015-03-06,7543.0
2015-03-07,12519.0
2015-03-08,0.0
2015-03-09,3461.0
2015-03-10,3983.0
2015-03-11,3875.0
2015-03-12,3850.0
2015-03-13,7959.0
2015-03-14,12366.0
2015-03-15,0.0
2015-03-16,2895.0
2015-03-17,2943.0
2015-03-18,2944.0
2015-03-19,3310.0
2015-03-20,7153.0
2015-03-21,12334.0
2015-03-22,0.0
2015-03-23,2938.0
2015-03-24,3140.0
2015-03-25,4369.0
2015-03-26,3520.0
2015-03-27,7096.0
2015-03-28,11727.0
2015-03-29,0.0
2015-03-30,2527.0
2015-03-31,3483.0
2015-04-01,4673.0
2015-04-02,6562.0
2015-04-03,9253.0
2015-04-04,10963.0
2015-04-05,0.0
2015-04-06,2784.0
2015-04-07,2868.0
2015-04-08,3435.0
2015-04-09,3781.0
2015-04-10,7257.0
2015-04-11,10669.0
2015-04-12,0.0
2015-04-13,3075.0
2015-04-14,2724.0
2015-04-15,3455.0
2015-04-16,3797.0
2015-04-17,7192.0
2015-04-18,11944.0
2015-04-19,0.0
2015-04-20,2786.0
2015-04-21,3805.0
2015-04-22,3666.0
2015-04-23,3687.0
2015-04-24,7134.0
2015-04-25,10871.0
2015-04-26,0.0
2015-04-27,2337.0
2015-04-28,3446.0
2015-04-29,4135.0
2015-04-30,6681.0
2015-05-01,12761.0
2015-05-02,12946.0
2015-05-03,0.0
2015-05-04,2677.0
2015-05-05,2933.0
2015-05-06,3433.0
2015-05-07,4382.0
2015-05-08,7980.0
2015-05-09,14210.0
2015-05-10,0.0
2015-05-11,2354.0
2015-05-12,2500.0
2015-05-13,3026.0
2015-05-14,3176.0
2015-05-15,6508.0
2015-05-16,10018.0
2015-05-17,0.0
2015-05-18,2507.0
2015-05-19,2786.0
2015-05-20,2802.0
2015-05-21,3818.0
2015-05-22,7053.0
2015-05-23,9857.0
2015-05-24,0.0
2015-05-25,2511.0
2015-05-26,3188.0
2015-05-27,3027.0
2015-05-28,3381.0
2015-05-29,7004.0
2015-05-30,10581.0
2015-05-31,0.0
2015-06-01,3631.0
2015-06-02,2983.0
2015-06-03,3554.0
2015-06-04,4028.0
2015-06-05,6971.0
2015-06-06,13253.0
2015-06-07,0.0
2015-06-08,3110.0
2015-06-09,2613.0
2015-06-10,3483.0
2015-06-11,6403.0
2015-06-12,7018.0
2015-06-13,10822.0
2015-06-14,0.0
2015-06-15,3506.0
2015-06-16,4056.0
2015-06-17,5318.0
2015-06-18,10478.0
2015-06-19,9232.0
2015-06-20,14701.0
2015-06-21,0.0
2015-06-22,2602.0
2015-06-23,2916.0
2015-06-24,3279.0
2015-06-25,3894.0
2015-06-26,7570.0
2015-06-27,10682.0
2015-06-28,0.0
2015-06-29,2778.0
2015-06-30,3042.0
2015-07-01,4189.0
2015-07-02,4522.0
2015-07-03,7762.0
2015-07-04,12174.0
2015-07-05,0.0
2015-07-06,3933.0
2015-07-07,3068.0
2015-07-08,2942.0
2015-07-09,3588.0
2015-07-10,6646.0
2015-07-11,9789.0
2015-07-12,0.0
2015-07-13,2718.0
2015-07-14,2656.0
2015-07-15,3405.0
2015-07-16,3947.0
2015-07-17,7382.0
2015-07-18,9537.0
2015-07-19,0.0
2015-07-20,3164.0
2015-07-21,3311.0
2015-07-22,3432.0
2015-07-23,4044.0
2015-07-24,8461.0
2015-07-25,11403.0
2015-07-26,0.0
2015-07-27,3117.0
2015-07-28,3389.0
2015-07-29,4291.0
2015-07-30,4027.0
2015-07-31,7090.0
2015-08-01,11773.0
2015-08-02,0.0
2015-08-03,3355.0
2015-08-04,4433.0
2015-08-05,4276.0
2015-08-06,4036.0
2015-08-07,8198.0
2015-08-08,12153.0
2015-08-09,0.0
2015-08-10,5201.0
2015-08-11,2893.0
2015-08-12,3584.0
2015-08-13,4230.0
2015-08-14,6609.0
2015-08-15,9423.0
2015-08-16,0.0
2015-08-17,2968.0
2015-08-18,2984.0
2015-08-19,3786.0
2015-08-20,3993.0
2015-08-21,7170.0
2015-08-22,9875.0
2015-08-23,0.0
2015-08-24,2512.0
2015-08-25,2909.0
2015-08-26,3503.0
2015-08-27,3776.0
2015-08-28,6992.0
2015-08-29,9241.0
2015-08-30,0.0
2015-08-31,2902.0
2015-09-01,3029.0
2015-09-02,3380.0
2015-09-03,4319.0
2015-09-04,7192.0
2015-09-05,10368.0
2015-09-06,0.0
2015-09-07,2899.0
2015-09-08,2776.0
2015-09-09,3426.0
2015-09-10,3649.0
2015-09-11,6843.0
2015-09-12,10050.0
2015-09-13,0.0
2015-09-14,2477.0
2015-09-15,2913.0
2015-09-16,3300.0
2015-09-17,3665.0
2015-09-18,7179.0
2015-09-19,9822.0
2015-09-20,0.0
2015-09-21,2627.0
2015-09-22,2801.0
2015-09-23,3329.0
2015-09-24,3771.0
2015-09-25,6860.0
2015-09-26,9265.0
2015-09-27,0.0
2015-09-28,2291.0
2015-09-29,2319.0
2015-09-30,3095.0
2015-10-01,3764.0
2015-10-02,6845.0
2015-10-03,10543.0
2015-10-04,0.0
2015-10-05,3190.0
2015-10-06,3104.0
2015-10-07,4471.0
2015-10-08,10493.0
2015-10-09,11091.0
2015-10-10,9569.0
2015-10-11,0.0
2015-10-12,2577.0
2015-10-13,4412.0
2015-10-14,2563.0
2015-10-15,3152.0
2015-10-16,5647.0
2015-10-17,8440.0
2015-10-18,0.0
2015-10-19,2268.0
2015-10-20,2722.0
2015-10-21,3052.0
2015-10-22,3389.0
2015-10-23,6705.0
2015-10-24,9068.0
2015-10-25,0.0
2015-10-26,2232.0
2015-10-27,2314.0
2015-10-28,2859.0
2015-10-29,3777.0
2015-10-30,7374.0
2015-10-31,12432.0
2015-11-01,5061.0
2015-11-02,7926.0
2015-11-03,0.0
2015-11-04,3085.0
2015-11-05,3033.0
2015-11-06,5617.0
2015-11-07,7311.0
2015-11-08,1.0
2015-11-09,2446.0
2015-11-10,2548.0
2015-11-11,3733.0
2015-11-12,7796.0
2015-11-13,6856.0
2015-11-14,9428.0
2015-11-15,0.0
2015-11-16,3051.0
2015-11-17,5238.0
2015-11-18,2896.0
2015-11-19,3167.0
2015-11-20,5478.0
2015-11-21,8432.0
2015-11-22,0.0
2015-11-23,2462.0
2015-11-24,3330.0
2015-11-25,4265.0
2015-11-26,4898.0
2015-11-27,11526.0
2015-11-28,12606.0
2015-11-29,0.0
2015-11-30,6844.0
2015-12-01,3828.0
2015-12-02,5203.0
2015-12-03,5692.0
2015-12-04,9804.0
2015-12-05,10067.0
2015-12-06,0.0
2015-12-07,3222.0
2015-12-08,4389.0
2015-12-09,4255.0
2015-12-10,5088.0
2015-12-11,7964.0
2015-12-12,11126.0
2015-12-13,0.0
2015-12-14,4237.0
2015-12-15,5082.0
2015-12-16,7143.0
2015-12-17,7674.0
2015-12-18,12379.0
2015-12-19,15238.0
2015-12-20,0.0
2015-12-21,10875.0
2015-12-22,15954.0
2015-12-23,18542.0
2015-12-24,23642.0
2015-12-26,13299.0
2015-12-27,0.0
2015-12-28,7732.0
2015-12-29,11818.0
2015-12-30,18197.0
2015-12-31,32791.0
2016-01-01,733.0
2016-01-02,9517.0
2016-01-03,0.0
2016-01-04,3249.0
2016-01-05,2959.0
2016-01-06,3516.0
2016-01-07,3937.0
2016-01-08,6949.0
2016-01-09,10214.0
2016-01-10,0.0
2016-01-11,2360.0
2016-01-12,2517.0
2016-01-13,3212.0
2016-01-14,3016.0
2016-01-15,7277.0
2016-01-16,11321.0
2016-01-17,0.0
2016-01-18,2340.0
2016-01-19,2433.0
2016-01-20,2843.0
2016-01-21,3110.0
2016-01-22,7135.0
2016-01-23,10338.0
2016-01-24,0.0
2016-01-25,2251.0
2016-01-26,2471.0
2016-01-27,3171.0
2016-01-28,3587.0
2016-01-29,7036.0
2016-01-30,10022.0
2016-01-31,0.0
2016-02-01,3424.0
2016-02-02,3097.0
2016-02-03,5602.0
2016-02-04,4738.0
2016-02-05,10720.0
2016-02-06,16254.0
2016-02-07,11208.0
2016-02-08,9929.0
2016-02-09,0.0
2016-02-10,3524.0
2016-02-11,3606.0
2016-02-12,6573.0
2016-02-13,11134.0
2016-02-14,0.0
2016-02-15,2668.0
2016-02-16,2880.0
2016-02-17,3549.0
2016-02-18,3604.0
2016-02-19,6210.0
2016-02-20,9665.0
2016-02-21,0.0
2016-02-22,2629.0
2016-02-23,2661.0
2016-02-24,3093.0
2016-02-25,3433.0
2016-02-26,7196.0
2016-02-27,11527.0
2016-02-28,0.0
2016-02-29,2543.0
2016-03-01,3281.0
2016-03-02,3743.0
2016-03-03,3618.0
2016-03-04,8711.0
2016-03-05,10656.0
2016-03-06,0.0
2016-03-07,2730.0
2016-03-08,3536.0
2016-03-09,3669.0
2016-03-10,4359.0
2016-03-11,7503.0
2016-03-12,10009.0
2016-03-13,0.0
2016-03-14,2341.0
2016-03-15,2712.0
2016-03-16,3558.0
2016-03-17,3755.0
2016-03-18,6896.0
2016-03-19,10535.0
2016-03-20,0.0
2016-03-21,2946.0
2016-03-22,3253.0
2016-03-23,5137.0
2016-03-24,12619.0
2016-03-25,7624.0
2016-03-26,9940.0
2016-03-27,0.0
2016-03-28,2691.0
2016-03-29,5632.0
2016-03-30,2877.0
2016-03-31,3199.0
2016-04-01,7267.0
2016-04-02,10404.0
2016-04-03,0.0
2016-04-04,2885.0
2016-04-05,2933.0
2016-04-06,3301.0
2016-04-07,3411.0
2016-04-08,6523.0
2016-04-09,9836.0
2016-04-10,0.0
2016-04-11,2453.0
2016-04-12,3211.0
2016-04-13,3120.0
2016-04-14,3653.0
2016-04-15,7070.0
2016-04-16,9582.0
2016-04-17,0.0
2016-04-18,2151.0
2016-04-19,2480.0
2016-04-20,2960.0
2016-04-21,3023.0
2016-04-22,6276.0
2016-04-23,8951.0
2016-04-24,0.0
2016-04-25,2804.0
2016-04-26,2548.0
2016-04-27,2980.0
2016-04-28,2932.0
2016-04-29,6522.0
2016-04-30,10474.0
2016-05-01,0.0
2016-05-02,2873.0
2016-05-03,3136.0
2016-05-04,4058.0
2016-05-05,5167.0
2016-05-06,9918.0
2016-05-07,14044.0
2016-05-08,0.0
2016-05-09,4740.0
2016-05-10,2274.0
2016-05-11,3906.0
2016-05-12,3822.0
2016-05-13,7525.0
2016-05-14,10890.0
2016-05-15,3216.0
2016-05-16,2323.0
2016-05-17,2904.0
2016-05-18,3228.0
2016-05-19,3799.0
2016-05-20,7089.0
2016-05-21,8493.0
2016-05-22,1976.0
2016-05-23,1868.0
2016-05-24,2010.0
2016-05-25,2343.0
2016-05-26,4449.0
2016-05-27,8539.0
2016-05-28,7433.0
2016-05-29,1500.0
2016-05-30,2231.0
2016-05-31,2466.0
2016-06-01,2112.0
2016-06-02,2335.0
2016-06-03,4293.0
2016-06-04,8095.0
2016-06-05,2074.0
2016-06-06,1524.0
2016-06-07,1606.0
2016-06-08,2986.0
2016-06-09,2233.0
2016-06-10,4024.0
2016-06-11,6233.0
2016-06-12,4104.0
2016-06-13,2075.0
2016-06-14,2844.0
2016-06-15,3575.0
2016-06-16,7286.0
2016-06-17,11016.0
2016-06-18,14678.0
2016-06-19,6296.0
2016-06-20,2437.0
2016-06-21,2617.0
2016-06-22,3780.0
2016-06-23,3418.0
2016-06-24,7152.0
2016-06-25,10295.0
2016-06-26,4095.0
2016-06-27,2226.0
2016-06-28,2640.0
2016-06-29,3423.0
2016-06-30,3867.0
2016-07-01,7479.0
2016-07-02,11985.0
2016-07-03,4756.0
2016-07-04,2850.0
2016-07-05,3396.0
2016-07-06,3712.0
2016-07-07,4906.0
2016-07-08,7968.0
2016-07-09,12016.0
2016-07-10,3701.0
2016-07-11,2385.0
2016-07-12,2758.0
2016-07-13,3253.0
2016-07-14,4291.0
2016-07-15,8272.0
2016-07-16,11615.0
2016-07-17,3688.0
2016-07-18,2573.0
2016-07-19,3119.0
2016-07-20,6041.0
2016-07-21,5273.0
2016-07-22,8567.0
2016-07-23,11357.0
2016-07-24,6124.0
2016-07-25,3784.0
2016-07-26,3442.0
2016-07-27,5855.0
2016-07-28,3594.0
2016-07-29,6730.0
2016-07-30,9937.0
2016-07-31,3839.0
2016-08-01,3182.0
2016-08-02,3181.0
2016-08-03,3460.0
2016-08-04,4967.0
2016-08-05,7564.0
2016-08-06,10314.0
2016-08-07,3943.0
2016-08-08,2773.0
2016-08-09,3063.0
2016-08-10,3914.0
2016-08-11,6725.0
2016-08-12,11329.0
2016-08-13,10362.0
2016-08-14,3484.0
2016-08-15,2732.0
2016-08-16,3070.0
2016-08-17,3836.0
2016-08-18,3774.0
2016-08-19,6829.0
2016-08-20,9725.0
2016-08-21,3780.0
2016-08-22,2408.0
2016-08-23,2777.0
2016-08-24,3236.0
2016-08-25,3454.0
2016-08-26,6894.0
2016-08-27,8757.0
2016-08-28,3503.0
2016-08-29,2296.0
2016-08-30,2743.0
2016-08-31,3369.0
2016-09-01,6753.0
2016-09-02,6531.0
2016-09-03,9353.0
2016-09-04,3580.0
2016-09-05,2469.0
2016-09-06,4059.0
2016-09-07,2796.0
2016-09-08,3652.0
2016-09-09,6015.0
2016-09-10,9028.0
2016-09-11,3012.0
2016-09-12,1886.0
2016-09-13,2165.0
2016-09-14,2796.0
2016-09-15,3303.0
2016-09-16,6036.0
2016-09-17,8189.0
2016-09-18,3431.0
2016-09-19,2038.0
2016-09-20,2421.0
2016-09-21,3410.0
2016-09-22,3061.0
2016-09-23,6444.0
2016-09-24,8904.0
2016-09-25,3402.0
2016-09-26,2001.0
2016-09-27,2257.0
2016-09-28,2556.0
2016-09-29,3049.0
2016-09-30,6268.0
2016-10-01,9266.0
2016-10-02,3254.0
2016-10-03,2475.0
2016-10-04,2657.0
2016-10-05,2998.0
2016-10-06,5510.0
2016-10-07,6482.0
2016-10-08,9559.0
2016-10-09,3548.0
2016-10-10,2211.0
2016-10-11,3938.0
2016-10-12,2844.0
2016-10-13,2973.0
2016-10-14,5981.0
2016-10-15,8456.0
2016-10-16,3743.0
2016-10-17,2329.0
2016-10-18,2597.0
2016-10-19,3327.0
2016-10-20,3326.0
2016-10-21,6174.0
2016-10-22,8116.0
2016-10-23,3746.0
2016-10-24,1980.0
2016-10-25,2269.0
2016-10-26,3683.0
2016-10-27,3334.0
2016-10-28,6006.0
2016-10-29,8778.0
2016-10-30,4025.0
2016-10-31,2778.0
2016-11-01,5826.0
2016-11-02,9536.0
2016-11-03,8549.0
2016-11-04,8940.0
2016-11-05,7696.0
2016-11-06,3273.0
2016-11-07,2382.0
2016-11-08,2677.0
2016-11-09,3285.0
2016-11-10,5131.0
2016-11-11,5194.0
2016-11-12,8353.0
2016-11-13,3822.0
2016-11-14,2621.0
2016-11-15,4309.0
2016-11-16,4746.0
2016-11-17,3432.0
2016-11-18,6176.0
2016-11-19,8506.0
2016-11-20,4308.0
2016-11-21,2731.0
2016-11-22,2870.0
2016-11-23,3967.0
2016-11-24,4208.0
2016-11-25,7103.0
2016-11-26,9364.0
2016-11-27,7320.0
2016-11-28,2484.0
2016-11-29,2904.0
2016-11-30,3704.0
2016-12-01,4917.0
2016-12-02,8254.0
2016-12-03,12550.0
2016-12-04,7127.0
2016-12-05,8807.0
2016-12-06,5140.0
2016-12-07,4951.0
2016-12-08,4517.0
2016-12-09,8108.0
2016-12-10,10292.0
2016-12-11,6007.0
2016-12-12,3519.0
2016-12-13,4486.0
2016-12-14,5299.0
2016-12-15,6294.0
2016-12-16,10952.0
2016-12-17,12846.0
2016-12-18,8039.0
2016-12-19,7293.0
2016-12-20,9899.0
2016-12-21,12989.0
2016-12-22,14979.0
2016-12-23,19749.0
2016-12-24,23226.0
2016-12-26,8288.0
2016-12-27,6305.0
2016-12-28,9322.0
2016-12-29,12138.0
2016-12-30,21214.0
2016-12-31,30210.0
2017-01-01,875.0
2017-01-02,4991.0
2017-01-03,3166.0
2017-01-04,3302.0
2017-01-05,3468.0
2017-01-06,5821.0
2017-01-07,9142.0
2017-01-08,3701.0
2017-01-09,2265.0
2017-01-10,2429.0
2017-01-11,2934.0
2017-01-12,3364.0
2017-01-13,6433.0
2017-01-14,9013.0
2017-01-15,3961.0
2017-01-16,2538.0
2017-01-17,2511.0
2017-01-18,3306.0
2017-01-19,3271.0
2017-01-20,5419.0
2017-01-21,9286.0
2017-01-22,4370.0
2017-01-23,2395.0
2017-01-24,2613.0
2017-01-25,3014.0
2017-01-26,3492.0
2017-01-27,6262.0
2017-01-28,9113.0
2017-01-29,3781.0
2017-01-30,1941.0
2017-01-31,2491.0
2017-02-01,3512.0
2017-02-02,3324.0
2017-02-03,6191.0
2017-02-04,8904.0
2017-02-05,4006.0
2017-02-06,2447.0
2017-02-07,2898.0
2017-02-08,3509.0
2017-02-09,3539.0
2017-02-10,6878.0
2017-02-11,9586.0
2017-02-12,3945.0
2017-02-13,3260.0
2017-02-14,4920.0
2017-02-15,3699.0
2017-02-16,5516.0
2017-02-17,1607.0
2017-02-18,0.0
2017-02-19,0.0
2017-02-20,2822.0
2017-02-21,3394.0
2017-02-22,3769.0
2017-02-23,4622.0
2017-02-24,9479.0
2017-02-25,14724.0
2017-02-26,11232.0
2017-02-27,11099.0
2017-02-28,6000.0
2017-03-01,2757.0
2017-03-02,3224.0
2017-03-03,5965.0
2017-03-04,9045.0
2017-03-05,3939.0
2017-03-06,2200.0
2017-03-07,2666.0
2017-03-08,3611.0
2017-03-09,3578.0
2017-03-10,6723.0
2017-03-11,9167.0
2017-03-12,3911.0
2017-03-13,2683.0
2017-03-14,2731.0
2017-03-15,3263.0
2017-03-16,3684.0
2017-03-17,7290.0
2017-03-18,9854.0
2017-03-19,4389.0
2017-03-20,2681.0
2017-03-21,3242.0
2017-03-22,3637.0
2017-03-23,7120.0
2017-03-24,6324.0
2017-03-25,10658.0
2017-03-26,4150.0
2017-03-27,2686.0
2017-03-28,5883.0
2017-03-29,3956.0
2017-03-30,4898.0
2017-03-31,1464.0
2017-04-01,0.0
2017-04-02,0.0
2017-04-03,2356.0
2017-04-04,3269.0
2017-04-05,3934.0
2017-04-06,3483.0
2017-04-07,6742.0
2017-04-08,9512.0
2017-04-09,3761.0
2017-04-10,2560.0
2017-04-11,3381.0
2017-04-12,4006.0
2017-04-13,7098.0
2017-04-14,8665.0
2017-04-15,10046.0
2017-04-16,4431.0
2017-04-17,2335.0
2017-04-18,2856.0
2017-04-19,3092.0
2017-04-20,3913.0
2017-04-21,6816.0
2017-04-22,9722.0
2017-04-23,5054.0
2017-04-24,3441.0
2017-04-25,2528.0
2017-04-26,3463.0
2017-04-27,4909.0
2017-04-28,7517.0
2017-04-29,11307.0
2017-04-30,7453.0
2017-05-01,5714.0
2017-05-02,3188.0
2017-05-03,3323.0
2017-05-04,3462.0
2017-05-05,6168.0
2017-05-06,8205.0
2017-05-07,4012.0
2017-05-08,2234.0
2017-05-09,2698.0
2017-05-10,3078.0
2017-05-11,3794.0
2017-05-12,7753.0
2017-05-13,11783.0
2017-05-14,6071.0
2017-05-15,2374.0
2017-05-16,2672.0
2017-05-17,3372.0
2017-05-18,3021.0
2017-05-19,6127.0
2017-05-20,8312.0
2017-05-21,3915.0
2017-05-22,2594.0
2017-05-23,2556.0
2017-05-24,3487.0
2017-05-25,5735.0
2017-05-26,10608.0
2017-05-27,9293.0
2017-05-28,3731.0
2017-05-29,2362.0
2017-05-30,2813.0
2017-05-31,3168.0
2017-06-01,3784.0
2017-06-02,7038.0
2017-06-03,10453.0
2017-06-04,3767.0
2017-06-05,2300.0
2017-06-06,2710.0
2017-06-07,2934.0
2017-06-08,3266.0
2017-06-09,6325.0
2017-06-10,8637.0
2017-06-11,4042.0
2017-06-12,2054.0
2017-06-13,2565.0
2017-06-14,3313.0
2017-06-15,4345.0
2017-06-16,9129.0
2017-06-17,13946.0
2017-06-18,8037.0
2017-06-19,2529.0
2017-06-20,3594.0
2017-06-21,4313.0
2017-06-22,3670.0
2017-06-23,7451.0
2017-06-24,9230.0
2017-06-25,4532.0
2017-06-26,2558.0
2017-06-27,2883.0
2017-06-28,3792.0
2017-06-29,4352.0
2017-06-30,7006.0
2017-07-01,10753.0
2017-07-02,5021.0
2017-07-03,2680.0
2017-07-04,2892.0
2017-07-05,3788.0
2017-07-06,4004.0
2017-07-07,6638.0
2017-07-08,9524.0
2017-07-09,4176.0
2017-07-10,2523.0
2017-07-11,2584.0
2017-07-12,3323.0
2017-07-13,4572.0
2017-07-14,7131.0
2017-07-15,9612.0
2017-07-16,4713.0
2017-07-17,2512.0
2017-07-18,2975.0
2017-07-19,3476.0
2017-07-20,4372.0
2017-07-21,7617.0
2017-07-22,9728.0
2017-07-23,6039.0
2017-07-24,3299.0
2017-07-25,3096.0
2017-07-26,3543.0
2017-07-27,4441.0
2017-07-28,7208.0
2017-07-29,10349.0
2017-07-30,4334.0
2017-07-31,2796.0
2017-08-01,3702.0
2017-08-02,4877.0
2017-08-03,4343.0
2017-08-04,6839.0
2017-08-05,9242.0
2017-08-06,4440.0
2017-08-07,2695.0
2017-08-08,3130.0
2017-08-09,3966.0
2017-08-10,6376.0
2017-08-11,11033.0
2017-08-12,10058.0
2017-08-13,4294.0
2017-08-14,2839.0
2017-08-15,3461.0
